id,atendimento,preco
0001,ruim,pessimo
0002,ruim,pessimo
0003,regular,otimo
0004,bom,ruim
0005,bom,regular
0006,ruim,ruim
0007,otimo,otimo
0008,ruim,ruim
0009,bom,ruim
0010,regular,regular
0011,bom,regular
0012,bom,ruim
0013,bom,ruim
0014,regular,ruim
0015,bom,ruim
0016,pessimo,ruim
0017,bom,otimo
0018,regular,ruim
0019,bom,ruim
0020,regular,regular
0021,regular,ruim
0022,regular,ruim
0023,bom,regular
0024,regular,otimo
0025,pessimo,regular
0026,bom,bom
0027,bom,regular
0028,otimo,otimo
0029,pessimo,regular
0030,bom,ruim
0031,bom,ruim
0032,pessimo,ruim
0033,bom,regular
0034,bom,bom
0035,bom,ruim
0036,bom,regular
0037,regular,ruim
0038,bom,pessimo
0039,pessimo,ruim
0040,regular,ruim
0041,bom,ruim
0042,ruim,bom
0043,bom,otimo
0044,otimo,ruim
0045,ruim,pessimo
0046,otimo,otimo
0047,bom,regular
0048,bom,regular
0049,regular,ruim
0050,bom,ruim
0051,pessimo,ruim
0052,bom,bom
0053,pessimo,ruim
0054,ruim,ruim
0055,bom,regular
0056,regular,regular
0057,bom,regular
0058,pessimo,pessimo
0059,regular,ruim
0060,bom,regular
0061,bom,otimo
0062,regular,ruim
0063,regular,ruim
0064,bom,otimo
0065,bom,bom
0066,regular,regular
0067,ruim,regular
0068,regular,ruim
0069,bom,ruim
0070,regular,otimo
0071,ruim,ruim
0072,regular,ruim
0073,ruim,ruim
0074,regular,otimo
0075,otimo,ruim
0076,bom,ruim
0077,ruim,pessimo
0078,ruim,pessimo
0079,bom,regular
0080,ruim,regular
0081,bom,regular
0082,bom,ruim
0083,bom,bom
0084,ruim,ruim
0085,regular,regular
0086,regular,ruim
0087,bom,ruim
0088,ruim,pessimo
0089,bom,regular
0090,regular,regular
0091,otimo,ruim
0092,bom,regular
0093,pessimo,regular
0094,bom,ruim
0095,bom,otimo
0096,regular,ruim
0097,ruim,ruim
0098,pessimo,regular
0099,regular,ruim
0100,pessimo,pessimo
0101,regular,ruim
0102,bom,ruim
0103,bom,otimo
0104,pessimo,pessimo
0105,bom,otimo
0106,regular,ruim
0107,ruim,ruim
0108,regular,ruim
0109,ruim,ruim
0110,bom,regular
0111,bom,pessimo
0112,otimo,ruim
0113,bom,otimo
0114,regular,ruim
0115,ruim,regular
0116,regular,ruim
0117,bom,pessimo
0118,ruim,pessimo
0119,regular,regular
0120,bom,bom
0121,ruim,bom
0122,regular,ruim
0123,bom,otimo
0124,bom,ruim
0125,ruim,ruim
0126,pessimo,ruim
0127,bom,ruim
0128,bom,regular
0129,bom,pessimo
0130,bom,regular
0131,ruim,regular
0132,otimo,ruim
0133,pessimo,pessimo
0134,otimo,otimo
0135,otimo,otimo
0136,bom,ruim
0137,bom,regular
0138,bom,ruim
0139,pessimo,ruim
0140,bom,regular
0141,ruim,pessimo
0142,regular,ruim
0143,otimo,ruim
0144,bom,regular
0145,bom,regular
0146,bom,ruim
0147,pessimo,pessimo
0148,regular,ruim
0149,ruim,bom
0150,ruim,ruim
0151,pessimo,ruim
0152,bom,otimo
0153,bom,ruim
0154,bom,pessimo
0155,regular,ruim
0156,bom,regular
0157,bom,ruim
0158,pessimo,ruim
0159,regular,ruim
0160,ruim,ruim
0161,regular,ruim
0162,bom,regular
0163,regular,otimo
0164,bom,ruim
0165,regular,ruim
0166,bom,ruim
0167,bom,ruim
0168,regular,ruim
0169,otimo,ruim
0170,regular,regular
0171,bom,regular
0172,bom,otimo
0173,pessimo,regular
0174,bom,ruim
0175,bom,pessimo
0176,bom,ruim
0177,bom,ruim
0178,bom,regular
0179,regular,ruim
0180,bom,ruim
0181,bom,otimo
0182,otimo,ruim
0183,regular,ruim
0184,bom,ruim
0185,regular,ruim
0186,bom,otimo
0187,regular,ruim
0188,regular,ruim
0189,bom,ruim
0190,bom,otimo
0191,bom,regular
0192,regular,regular
0193,ruim,ruim
0194,bom,ruim
0195,bom,otimo
0196,regular,otimo
0197,bom,pessimo
0198,ruim,ruim
0199,regular,ruim
0200,ruim,pessimo
0201,pessimo,ruim
0202,bom,otimo
0203,ruim,regular
0204,bom,otimo
0205,bom,ruim
0206,ruim,ruim
0207,bom,pessimo
0208,regular,regular
0209,bom,regular
0210,ruim,ruim
0211,pessimo,ruim
0212,regular,regular
0213,otimo,ruim
0214,bom,regular
0215,regular,otimo
0216,bom,ruim
0217,bom,otimo
0218,bom,ruim
0219,ruim,regular
0220,ruim,regular
0221,pessimo,ruim
0222,bom,regular
0223,otimo,ruim
0224,ruim,ruim
0225,regular,ruim
0226,bom,regular
0227,regular,ruim
0228,bom,regular
0229,pessimo,pessimo
0230,regular,ruim
0231,regular,ruim
0232,bom,ruim
0233,ruim,regular
0234,pessimo,regular
0235,ruim,ruim
0236,bom,ruim
0237,bom,bom
0238,bom,pessimo
0239,bom,ruim
0240,bom,regular
0241,regular,ruim
0242,bom,regular
0243,bom,otimo
0244,pessimo,ruim
0245,ruim,bom
0246,pessimo,ruim
0247,bom,ruim
0248,regular,ruim
0249,regular,ruim
0250,bom,pessimo
0251,bom,pessimo
0252,pessimo,ruim
0253,ruim,ruim
0254,pessimo,pessimo
0255,ruim,regular
0256,otimo,ruim
0257,bom,otimo
0258,otimo,ruim
0259,bom,otimo
0260,regular,ruim
0261,regular,ruim
0262,bom,regular
0263,bom,otimo
0264,ruim,regular
0265,bom,ruim
0266,regular,ruim
0267,ruim,ruim
0268,ruim,ruim
0269,bom,ruim
0270,bom,otimo
0271,otimo,ruim
0272,bom,ruim
0273,regular,ruim
0274,regular,otimo
0275,pessimo,ruim
0276,regular,ruim
0277,bom,pessimo
0278,bom,otimo
0279,pessimo,pessimo
0280,bom,ruim
0281,regular,ruim
0282,bom,ruim
0283,pessimo,regular
0284,bom,regular
0285,bom,pessimo
0286,bom,pessimo
0287,bom,otimo
0288,bom,otimo
0289,bom,ruim
0290,regular,otimo
0291,bom,ruim
0292,ruim,ruim
0293,regular,ruim
0294,ruim,ruim
0295,ruim,pessimo
0296,bom,ruim
0297,bom,otimo
0298,bom,ruim
0299,otimo,ruim
0300,bom,ruim
0301,bom,ruim
0302,regular,regular
0303,bom,regular
0304,regular,otimo
0305,bom,regular
0306,ruim,regular
0307,regular,ruim
0308,bom,otimo
0309,bom,ruim
0310,regular,regular
0311,pessimo,regular
0312,regular,ruim
0313,regular,ruim
0314,bom,ruim
0315,bom,bom
0316,ruim,regular
0317,regular,ruim
0318,pessimo,pessimo
0319,bom,otimo
0320,otimo,ruim
0321,regular,ruim
0322,bom,pessimo
0323,bom,ruim
0324,bom,regular
0325,ruim,regular
0326,bom,regular
0327,bom,otimo
0328,bom,regular
0329,ruim,ruim
0330,regular,ruim
0331,regular,ruim
0332,ruim,pessimo
0333,otimo,otimo
0334,regular,ruim
0335,bom,regular
0336,bom,pessimo
0337,regular,regular
0338,bom,regular
0339,bom,pessimo
0340,regular,ruim
0341,bom,ruim
0342,regular,ruim
0343,bom,regular
0344,otimo,ruim
0345,pessimo,ruim
0346,ruim,pessimo
0347,ruim,ruim
0348,ruim,regular
0349,bom,pessimo
0350,bom,regular
0351,bom,ruim
0352,regular,ruim
0353,bom,ruim
0354,pessimo,regular
0355,ruim,ruim
0356,pessimo,regular
0357,regular,ruim
0358,otimo,ruim
0359,pessimo,pessimo
0360,regular,ruim
0361,ruim,pessimo
0362,ruim,pessimo
0363,regular,regular
0364,otimo,ruim
0365,pessimo,regular
0366,ruim,regular
0367,bom,ruim
0368,bom,otimo
0369,ruim,regular
0370,bom,regular
0371,ruim,pessimo
0372,ruim,pessimo
0373,bom,regular
0374,bom,regular
0375,ruim,pessimo
0376,pessimo,ruim
0377,bom,otimo
0378,regular,ruim
0379,regular,otimo
0380,bom,ruim
0381,bom,bom
0382,bom,ruim
0383,bom,ruim
0384,regular,ruim
0385,bom,otimo
0386,regular,ruim
0387,pessimo,ruim
0388,regular,otimo
0389,bom,regular
0390,bom,pessimo
0391,bom,otimo
0392,bom,regular
0393,bom,ruim
0394,regular,ruim
0395,ruim,ruim
0396,regular,ruim
0397,regular,ruim
0398,bom,pessimo
0399,bom,otimo
0400,pessimo,regular
0401,regular,ruim
0402,bom,regular
0403,bom,ruim
0404,pessimo,regular
0405,bom,pessimo
0406,regular,ruim
0407,ruim,regular
0408,pessimo,ruim
0409,ruim,ruim
0410,regular,ruim
0411,ruim,regular
0412,regular,ruim
0413,bom,bom
0414,bom,ruim
0415,bom,otimo
0416,pessimo,ruim
0417,regular,ruim
0418,ruim,regular
0419,bom,ruim
0420,bom,regular
0421,bom,pessimo
0422,ruim,pessimo
0423,regular,regular
0424,bom,regular
0425,bom,pessimo
0426,pessimo,ruim
0427,pessimo,ruim
0428,ruim,bom
0429,bom,regular
0430,regular,ruim
0431,bom,ruim
0432,bom,regular
0433,bom,regular
0434,regular,ruim
0435,ruim,bom
0436,otimo,otimo
0437,bom,ruim
0438,otimo,ruim
0439,regular,ruim
0440,bom,ruim
0441,pessimo,pessimo
0442,regular,ruim
0443,otimo,ruim
0444,bom,otimo
0445,regular,regular
0446,ruim,ruim
0447,regular,regular
0448,ruim,ruim
0449,regular,ruim
0450,regular,ruim
0451,regular,ruim
0452,regular,ruim
0453,regular,ruim
0454,bom,ruim
0455,regular,ruim
0456,bom,ruim
0457,ruim,regular
0458,ruim,ruim
0459,pessimo,pessimo
0460,regular,ruim
0461,otimo,otimo
0462,regular,otimo
0463,bom,ruim
0464,bom,bom
0465,bom,ruim
0466,bom,ruim
0467,bom,bom
0468,regular,ruim
0469,regular,ruim
0470,ruim,ruim
0471,otimo,ruim
0472,regular,ruim
0473,bom,regular
0474,regular,regular
0475,regular,regular
0476,bom,pessimo
0477,bom,ruim
0478,regular,ruim
0479,bom,ruim
0480,bom,regular
0481,ruim,regular
0482,bom,ruim
0483,bom,otimo
0484,ruim,regular
0485,regular,ruim
0486,ruim,ruim
0487,bom,ruim
0488,regular,ruim
0489,pessimo,ruim
0490,bom,ruim
0491,bom,pessimo
0492,bom,ruim
0493,ruim,regular
0494,bom,pessimo
0495,pessimo,ruim
0496,regular,ruim
0497,otimo,otimo
0498,ruim,regular
0499,regular,regular
0500,bom,ruim
0501,regular,ruim
0502,bom,regular
0503,regular,ruim
0504,pessimo,ruim
0505,bom,otimo
0506,bom,otimo
0507,otimo,ruim
0508,bom,otimo
0509,regular,ruim
0510,bom,ruim
0511,pessimo,ruim
0512,bom,ruim
0513,bom,otimo
0514,bom,regular
0515,regular,otimo
0516,bom,ruim
0517,otimo,ruim
0518,regular,ruim
0519,regular,ruim
0520,bom,otimo
0521,regular,ruim
0522,ruim,ruim
0523,bom,ruim
0524,regular,otimo
0525,pessimo,ruim
0526,bom,ruim
0527,pessimo,ruim
0528,otimo,ruim
0529,ruim,regular
0530,bom,regular
0531,otimo,ruim
0532,regular,regular
0533,ruim,regular
0534,bom,ruim
0535,bom,bom
0536,bom,otimo
0537,regular,ruim
0538,regular,ruim
0539,ruim,pessimo
0540,ruim,pessimo
0541,ruim,ruim
0542,ruim,pessimo
0543,bom,ruim
0544,pessimo,ruim
0545,otimo,ruim
0546,bom,ruim
0547,regular,otimo
0548,ruim,ruim
0549,bom,regular
0550,bom,regular
0551,bom,ruim
0552,pessimo,ruim
0553,bom,otimo
0554,regular,ruim
0555,bom,bom
0556,bom,otimo
0557,bom,regular
0558,pessimo,ruim
0559,bom,regular
0560,ruim,regular
0561,bom,ruim
0562,ruim,regular
0563,ruim,pessimo
0564,ruim,regular
0565,bom,regular
0566,regular,otimo
0567,bom,ruim
0568,bom,pessimo
0569,bom,otimo
0570,ruim,regular
0571,bom,bom
0572,bom,ruim
0573,bom,regular
0574,bom,ruim
0575,bom,regular
0576,bom,otimo
0577,bom,regular
0578,bom,regular
0579,bom,otimo
0580,ruim,pessimo
0581,regular,ruim
0582,regular,ruim
0583,regular,ruim
0584,bom,regular
0585,regular,ruim
0586,bom,bom
0587,ruim,regular
0588,bom,otimo
0589,bom,otimo
0590,pessimo,ruim
0591,bom,otimo
0592,bom,ruim
0593,bom,ruim
0594,bom,pessimo
0595,regular,otimo
0596,bom,pessimo
0597,bom,regular
0598,bom,ruim
0599,ruim,pessimo
0600,ruim,bom
0601,bom,ruim
0602,bom,ruim
0603,ruim,ruim
0604,bom,regular
0605,bom,ruim
0606,bom,ruim
0607,ruim,regular
0608,ruim,ruim
0609,regular,ruim
0610,bom,regular
0611,regular,regular
0612,regular,ruim
0613,ruim,bom
0614,bom,ruim
0615,bom,regular
0616,otimo,ruim
0617,ruim,regular
0618,bom,ruim
0619,bom,ruim
0620,otimo,ruim
0621,bom,bom
0622,regular,ruim
0623,ruim,pessimo
0624,ruim,pessimo
0625,pessimo,regular
0626,regular,otimo
0627,pessimo,regular
0628,ruim,ruim
0629,bom,otimo
0630,bom,pessimo
0631,ruim,bom
0632,regular,ruim
0633,bom,ruim
0634,bom,otimo
0635,regular,ruim
0636,ruim,ruim
0637,otimo,ruim
0638,bom,ruim
0639,regular,ruim
0640,pessimo,pessimo
0641,bom,bom
0642,bom,regular
0643,ruim,ruim
0644,pessimo,ruim
0645,regular,regular
0646,bom,regular
0647,ruim,regular
0648,regular,ruim
0649,bom,regular
0650,pessimo,ruim
0651,otimo,ruim
0652,bom,pessimo
0653,regular,regular
0654,regular,regular
0655,ruim,pessimo
0656,pessimo,ruim
0657,bom,ruim
0658,bom,ruim
0659,ruim,pessimo
0660,bom,otimo
0661,ruim,regular
0662,regular,otimo
0663,otimo,otimo
0664,regular,ruim
0665,bom,ruim
0666,bom,ruim
0667,bom,regular
0668,bom,bom
0669,ruim,ruim
0670,regular,regular
0671,bom,ruim
0672,regular,ruim
0673,regular,otimo
0674,pessimo,pessimo
0675,otimo,otimo
0676,bom,regular
0677,regular,ruim
0678,bom,ruim
0679,bom,ruim
0680,bom,regular
0681,otimo,ruim
0682,ruim,pessimo
0683,otimo,ruim
0684,bom,otimo
0685,bom,ruim
0686,ruim,ruim
0687,ruim,ruim
0688,regular,ruim
0689,ruim,ruim
0690,otimo,otimo
0691,ruim,ruim
0692,pessimo,regular
0693,regular,ruim
0694,otimo,ruim
0695,bom,ruim
0696,ruim,pessimo
0697,regular,otimo
0698,ruim,bom
0699,ruim,bom
0700,ruim,regular
0701,regular,ruim
0702,bom,ruim
0703,otimo,ruim
0704,bom,ruim
0705,regular,ruim
0706,bom,pessimo
0707,bom,regular
0708,bom,ruim
0709,ruim,regular
0710,regular,ruim
0711,ruim,pessimo
0712,ruim,pessimo
0713,bom,otimo
0714,bom,regular
0715,bom,otimo
0716,otimo,otimo
0717,bom,ruim
0718,regular,ruim
0719,bom,pessimo
0720,regular,ruim
0721,bom,regular
0722,regular,ruim
0723,pessimo,regular
0724,bom,regular
0725,bom,regular
0726,regular,ruim
0727,pessimo,ruim
0728,bom,regular
0729,bom,otimo
0730,regular,ruim
0731,pessimo,regular
0732,ruim,regular
0733,regular,ruim
0734,regular,ruim
0735,bom,regular
0736,otimo,ruim
0737,ruim,pessimo
0738,regular,ruim
0739,regular,ruim
0740,bom,ruim
0741,bom,otimo
0742,otimo,otimo
0743,ruim,ruim
0744,regular,ruim
0745,otimo,otimo
0746,ruim,ruim
0747,bom,otimo
0748,pessimo,pessimo
0749,bom,ruim
0750,bom,ruim
0751,regular,ruim
0752,bom,regular
0753,regular,ruim
0754,pessimo,ruim
0755,bom,otimo
0756,regular,regular
0757,regular,ruim
0758,bom,regular
0759,bom,regular
0760,pessimo,regular
0761,pessimo,ruim
0762,regular,ruim
0763,bom,pessimo
0764,ruim,regular
0765,regular,ruim
0766,bom,otimo
0767,bom,ruim
0768,pessimo,ruim
0769,ruim,ruim
0770,bom,ruim
0771,ruim,ruim
0772,regular,ruim
0773,bom,bom
0774,bom,ruim
0775,bom,regular
0776,bom,otimo
0777,bom,ruim
0778,ruim,ruim
0779,ruim,regular
0780,ruim,bom
0781,otimo,otimo
0782,regular,ruim
0783,bom,regular
0784,regular,ruim
0785,ruim,pessimo
0786,bom,ruim
0787,otimo,ruim
0788,regular,ruim
0789,bom,ruim
0790,regular,regular
0791,bom,regular
0792,bom,ruim
0793,bom,regular
0794,ruim,bom
0795,regular,ruim
0796,otimo,ruim
0797,bom,pessimo
0798,ruim,ruim
0799,bom,otimo
0800,bom,regular
0801,ruim,ruim
0802,pessimo,pessimo
0803,bom,regular
0804,ruim,ruim
0805,bom,ruim
0806,regular,regular
0807,bom,regular
0808,otimo,ruim
0809,regular,ruim
0810,regular,ruim
0811,bom,otimo
0812,bom,ruim
0813,regular,regular
0814,bom,ruim
0815,regular,ruim
0816,ruim,pessimo
0817,bom,regular
0818,ruim,ruim
0819,regular,ruim
0820,ruim,ruim
0821,bom,pessimo
0822,bom,ruim
0823,regular,regular
0824,regular,ruim
0825,bom,ruim
0826,regular,ruim
0827,regular,ruim
0828,ruim,ruim
0829,bom,otimo
0830,regular,regular
0831,bom,otimo
0832,otimo,ruim
0833,regular,ruim
0834,bom,pessimo
0835,regular,ruim
0836,ruim,pessimo
0837,regular,regular
0838,otimo,ruim
0839,otimo,ruim
0840,ruim,ruim
0841,bom,otimo
0842,bom,regular
0843,ruim,regular
0844,ruim,regular
0845,ruim,ruim
0846,bom,ruim
0847,regular,ruim
0848,bom,ruim
0849,ruim,ruim
0850,bom,pessimo
0851,regular,ruim
0852,bom,otimo
0853,ruim,bom
0854,regular,ruim
0855,otimo,otimo
0856,regular,ruim
0857,bom,ruim
0858,regular,regular
0859,ruim,bom
0860,bom,otimo
0861,regular,otimo
0862,bom,ruim
0863,regular,regular
0864,bom,regular
0865,bom,bom
0866,otimo,otimo
0867,regular,ruim
0868,otimo,otimo
0869,bom,regular
0870,bom,otimo
0871,bom,ruim
0872,bom,regular
0873,regular,ruim
0874,bom,otimo
0875,bom,bom
0876,ruim,ruim
0877,bom,regular
0878,ruim,pessimo
0879,ruim,bom
0880,regular,ruim
0881,regular,ruim
0882,bom,regular
0883,bom,ruim
0884,bom,ruim
0885,ruim,ruim
0886,pessimo,ruim
0887,ruim,ruim
0888,pessimo,regular
0889,ruim,bom
0890,pessimo,pessimo
0891,bom,ruim
0892,regular,ruim
0893,regular,ruim
0894,otimo,ruim
0895,bom,ruim
0896,bom,ruim
0897,regular,regular
0898,bom,bom
0899,bom,ruim
0900,bom,ruim
0901,ruim,regular
0902,bom,pessimo
0903,regular,ruim
0904,bom,ruim
0905,regular,ruim
0906,regular,ruim
0907,bom,regular
0908,pessimo,pessimo
0909,regular,regular
0910,bom,ruim
0911,pessimo,regular
0912,otimo,otimo
0913,bom,regular
0914,otimo,ruim
0915,bom,regular
0916,otimo,otimo
0917,otimo,ruim
0918,bom,ruim
0919,bom,ruim
0920,regular,otimo
0921,ruim,bom
0922,regular,otimo
0923,bom,pessimo
0924,bom,ruim
0925,ruim,pessimo
0926,ruim,pessimo
0927,bom,regular
0928,bom,regular
0929,bom,otimo
0930,bom,ruim
0931,bom,pessimo
0932,regular,ruim
0933,bom,ruim
0934,ruim,ruim
0935,regular,ruim
0936,otimo,otimo
0937,bom,otimo
0938,bom,pessimo
0939,ruim,pessimo
0940,pessimo,regular
0941,regular,otimo
0942,bom,ruim
0943,regular,ruim
0944,otimo,otimo
0945,regular,ruim
0946,otimo,ruim
0947,regular,otimo
0948,bom,ruim
0949,regular,ruim
0950,bom,regular
0951,otimo,ruim
0952,bom,bom
0953,bom,otimo
0954,ruim,ruim
0955,pessimo,ruim
0956,regular,ruim
0957,pessimo,pessimo
0958,bom,regular
0959,otimo,ruim
0960,bom,regular
0961,regular,ruim
0962,regular,ruim
0963,pessimo,regular
0964,bom,pessimo
0965,regular,ruim
0966,bom,pessimo
0967,regular,ruim
0968,regular,ruim
0969,ruim,ruim
0970,bom,regular
0971,bom,pessimo
0972,pessimo,ruim
0973,ruim,pessimo
0974,regular,regular
0975,regular,ruim
0976,ruim,pessimo
0977,bom,ruim
0978,regular,ruim
0979,bom,ruim
0980,pessimo,regular
0981,ruim,regular
0982,otimo,ruim
0983,bom,ruim
0984,regular,ruim
0985,bom,otimo
0986,regular,regular
0987,bom,ruim
0988,regular,otimo
0989,ruim,pessimo
0990,regular,ruim
0991,regular,ruim
0992,bom,otimo
0993,regular,regular
0994,pessimo,ruim
0995,regular,ruim
0996,ruim,ruim
0997,regular,ruim
0998,regular,ruim
0999,bom,pessimo
1000,regular,ruim
1001,otimo,otimo
1002,bom,otimo
1003,ruim,bom
1004,bom,ruim
1005,bom,ruim
1006,bom,regular
1007,regular,ruim
1008,pessimo,ruim
1009,bom,otimo
1010,bom,bom
1011,bom,otimo
1012,ruim,pessimo
1013,bom,pessimo
1014,bom,ruim
1015,bom,regular
1016,ruim,ruim
1017,otimo,ruim
1018,bom,regular
1019,bom,regular
1020,regular,regular
1021,bom,pessimo
1022,regular,ruim
1023,pessimo,ruim
1024,regular,ruim
1025,bom,regular
1026,regular,ruim
1027,ruim,regular
1028,bom,ruim
1029,ruim,ruim
1030,pessimo,pessimo
1031,bom,otimo
1032,ruim,pessimo
1033,bom,ruim
1034,bom,regular
1035,regular,ruim
1036,pessimo,regular
1037,ruim,ruim
1038,bom,pessimo
1039,regular,ruim
1040,ruim,ruim
1041,otimo,otimo
1042,regular,ruim
1043,bom,ruim
1044,regular,ruim
1045,ruim,ruim
1046,regular,regular
1047,pessimo,pessimo
1048,otimo,otimo
1049,pessimo,pessimo
1050,bom,ruim
1051,regular,ruim
1052,regular,ruim
1053,pessimo,regular
1054,regular,regular
1055,regular,regular
1056,regular,ruim
1057,regular,ruim
1058,regular,ruim
1059,otimo,ruim
1060,bom,regular
1061,ruim,regular
1062,bom,bom
1063,bom,ruim
1064,bom,regular
1065,pessimo,pessimo
1066,ruim,regular
1067,regular,ruim
1068,ruim,bom
1069,bom,ruim
1070,bom,ruim
1071,ruim,ruim
1072,regular,regular
1073,bom,ruim
1074,regular,ruim
1075,ruim,regular
1076,regular,ruim
1077,regular,ruim
1078,bom,pessimo
1079,regular,regular
1080,bom,ruim
1081,regular,otimo
1082,ruim,pessimo
1083,otimo,otimo
1084,ruim,ruim
1085,pessimo,ruim
1086,ruim,pessimo
1087,bom,pessimo
1088,ruim,ruim
1089,bom,regular
1090,regular,ruim
1091,pessimo,ruim
1092,bom,regular
1093,ruim,ruim
1094,regular,ruim
1095,bom,regular
1096,pessimo,ruim
1097,bom,ruim
1098,ruim,bom
1099,bom,regular
1100,bom,ruim
1101,pessimo,ruim
1102,bom,ruim
1103,bom,regular
1104,bom,otimo
1105,pessimo,pessimo
1106,pessimo,pessimo
1107,pessimo,pessimo
1108,ruim,bom
1109,bom,regular
1110,pessimo,ruim
1111,bom,regular
1112,ruim,regular
1113,ruim,ruim
1114,bom,ruim
1115,ruim,ruim
1116,regular,ruim
1117,bom,otimo
1118,regular,ruim
1119,bom,ruim
1120,bom,ruim
1121,ruim,regular
1122,bom,pessimo
1123,bom,ruim
1124,regular,ruim
1125,ruim,ruim
1126,ruim,bom
1127,ruim,regular
1128,regular,ruim
1129,pessimo,ruim
1130,regular,regular
1131,ruim,ruim
1132,ruim,pessimo
1133,otimo,ruim
1134,pessimo,ruim
1135,bom,ruim
1136,bom,bom
1137,ruim,ruim
1138,bom,otimo
1139,ruim,regular
1140,regular,ruim
1141,regular,regular
1142,regular,regular
1143,bom,regular
1144,regular,regular
1145,regular,ruim
1146,bom,regular
1147,regular,ruim
1148,regular,ruim
1149,regular,ruim
1150,ruim,ruim
1151,bom,ruim
1152,bom,regular
1153,regular,ruim
1154,bom,ruim
1155,pessimo,ruim
1156,ruim,pessimo
1157,regular,ruim
1158,regular,ruim
1159,bom,pessimo
1160,bom,otimo
1161,regular,regular
1162,bom,ruim
1163,bom,pessimo
1164,regular,ruim
1165,regular,ruim
1166,ruim,bom
1167,bom,ruim
1168,bom,otimo
1169,pessimo,pessimo
1170,bom,bom
1171,bom,regular
1172,regular,regular
1173,bom,ruim
1174,bom,ruim
1175,regular,ruim
1176,ruim,pessimo
1177,bom,regular
1178,otimo,ruim
1179,bom,regular
1180,otimo,ruim
1181,otimo,ruim
1182,regular,ruim
1183,bom,ruim
1184,pessimo,ruim
1185,bom,ruim
1186,ruim,bom
1187,bom,ruim
1188,ruim,ruim
1189,bom,ruim
1190,pessimo,pessimo
1191,bom,pessimo
1192,pessimo,ruim
1193,bom,regular
1194,regular,ruim
1195,regular,regular
1196,bom,ruim
1197,bom,pessimo
1198,bom,ruim
1199,bom,bom
1200,regular,ruim
1201,pessimo,ruim
1202,regular,regular
1203,bom,ruim
1204,ruim,pessimo
1205,otimo,ruim
1206,otimo,otimo
1207,bom,regular
1208,bom,ruim
1209,regular,ruim
1210,regular,ruim
1211,ruim,ruim
1212,bom,regular
1213,ruim,regular
1214,bom,ruim
1215,regular,regular
1216,regular,regular
1217,bom,pessimo
1218,bom,otimo
1219,ruim,pessimo
1220,regular,ruim
1221,pessimo,regular
1222,ruim,bom
1223,ruim,regular
1224,bom,regular
1225,bom,ruim
1226,regular,ruim
1227,regular,ruim
1228,regular,ruim
1229,otimo,otimo
1230,pessimo,regular
1231,bom,regular
1232,pessimo,pessimo
1233,pessimo,ruim
1234,ruim,pessimo
1235,bom,ruim
1236,ruim,pessimo
1237,otimo,ruim
1238,ruim,ruim
1239,otimo,ruim
1240,bom,regular
1241,regular,ruim
1242,otimo,ruim
1243,bom,ruim
1244,regular,ruim
1245,regular,otimo
1246,ruim,regular
1247,bom,pessimo
1248,ruim,pessimo
1249,regular,ruim
1250,regular,ruim
1251,bom,bom
1252,otimo,otimo
1253,bom,regular
1254,ruim,pessimo
1255,bom,ruim
1256,regular,ruim
1257,ruim,pessimo
1258,bom,ruim
1259,regular,ruim
1260,bom,ruim
1261,bom,regular
1262,ruim,pessimo
1263,regular,ruim
1264,regular,ruim
1265,ruim,bom
1266,ruim,regular
1267,bom,ruim
1268,bom,regular
1269,bom,regular
1270,bom,ruim
1271,pessimo,regular
1272,otimo,ruim
1273,bom,regular
1274,regular,ruim
1275,ruim,ruim
1276,bom,ruim
1277,regular,ruim
1278,bom,ruim
1279,ruim,ruim
1280,ruim,pessimo
1281,regular,ruim
1282,ruim,regular
1283,regular,regular
1284,bom,ruim
1285,bom,pessimo
1286,ruim,regular
1287,regular,ruim
1288,bom,regular
1289,ruim,bom
1290,bom,pessimo
1291,bom,ruim
1292,bom,otimo
1293,bom,ruim
1294,bom,ruim
1295,bom,regular
1296,bom,regular
1297,bom,ruim
1298,pessimo,regular
1299,regular,ruim
1300,regular,regular
1301,ruim,ruim
1302,regular,ruim
1303,bom,regular
1304,bom,otimo
1305,regular,regular
1306,ruim,bom
1307,bom,ruim
1308,regular,ruim
1309,pessimo,ruim
1310,ruim,pessimo
1311,ruim,ruim
1312,pessimo,pessimo
1313,ruim,bom
1314,ruim,ruim
1315,otimo,ruim
1316,pessimo,ruim
1317,regular,ruim
1318,regular,ruim
1319,ruim,regular
1320,ruim,regular
1321,ruim,ruim
1322,bom,ruim
1323,bom,otimo
1324,otimo,bom
1325,regular,pessimo
1326,regular,regular
1327,bom,bom
1328,bom,regular
1329,bom,ruim
1330,regular,regular
1331,bom,regular
1332,bom,regular
1333,bom,otimo
1334,bom,ruim
1335,bom,ruim
1336,otimo,otimo
1337,bom,regular
1338,bom,ruim
1339,regular,regular
1340,bom,regular
1341,bom,regular
1342,bom,regular
1343,bom,ruim
1344,bom,ruim
1345,regular,bom
1346,regular,bom
1347,regular,regular
1348,regular,regular
1349,bom,bom
1350,regular,regular
1351,otimo,regular
1352,regular,pessimo
1353,bom,regular
1354,bom,ruim
1355,bom,regular
1356,bom,regular
1357,otimo,bom
1358,bom,ruim
1359,regular,regular
1360,bom,ruim
1361,bom,bom
1362,regular,pessimo
1363,bom,regular
1364,regular,bom
1365,regular,ruim
1366,bom,regular
1367,regular,pessimo
1368,regular,regular
1369,pessimo,regular
1370,regular,ruim
1371,regular,ruim
1372,pessimo,regular
1373,bom,otimo
1374,regular,regular
1375,bom,regular
1376,bom,ruim
1377,regular,ruim
1378,bom,regular
1379,bom,ruim
1380,otimo,bom
1381,bom,regular
1382,bom,ruim
1383,pessimo,regular
1384,bom,regular
1385,bom,bom
1386,regular,regular
1387,otimo,otimo
1388,bom,bom
1389,bom,otimo
1390,regular,regular
1391,bom,ruim
1392,bom,ruim
1393,otimo,bom
1394,bom,regular
1395,regular,pessimo
1396,otimo,bom
1397,bom,otimo
1398,bom,ruim
1399,bom,bom
1400,bom,ruim
1401,bom,ruim
1402,regular,ruim
1403,bom,otimo
1404,bom,regular
1405,otimo,bom
1406,bom,ruim
1407,regular,bom
1408,regular,ruim
1409,bom,ruim
1410,regular,regular
1411,regular,ruim
1412,regular,regular
1413,bom,ruim
1414,bom,ruim
1415,bom,regular
1416,regular,bom
1417,bom,bom
1418,bom,otimo
1419,otimo,bom
1420,regular,ruim
1421,bom,regular
1422,regular,bom
1423,bom,regular
1424,pessimo,regular
1425,bom,ruim
1426,bom,ruim
1427,regular,regular
1428,regular,regular
1429,bom,ruim
1430,bom,bom
1431,bom,regular
1432,bom,regular
1433,bom,ruim
1434,bom,otimo
1435,ruim,ruim
1436,bom,ruim
1437,bom,bom
1438,bom,regular
1439,bom,bom
1440,bom,ruim
1441,otimo,bom
1442,bom,ruim
1443,otimo,regular
1444,bom,ruim
1445,regular,regular
1446,otimo,regular
1447,bom,regular
1448,bom,ruim
1449,bom,bom
1450,bom,bom
1451,regular,regular
1452,bom,ruim
1453,bom,ruim
1454,regular,ruim
1455,bom,regular
1456,bom,ruim
1457,bom,regular
1458,bom,otimo
1459,regular,regular
1460,bom,ruim
1461,bom,regular
1462,bom,bom
1463,bom,ruim
1464,regular,ruim
1465,bom,otimo
1466,pessimo,regular
1467,bom,regular
1468,bom,regular
1469,bom,bom
1470,bom,otimo
1471,bom,bom
1472,bom,ruim
1473,regular,bom
1474,bom,ruim
1475,bom,bom
1476,bom,ruim
1477,ruim,ruim
1478,regular,ruim
1479,bom,regular
1480,regular,regular
1481,regular,regular
1482,bom,regular
1483,bom,regular
1484,regular,regular
1485,regular,ruim
1486,bom,ruim
1487,bom,regular
1488,regular,ruim
1489,regular,pessimo
1490,bom,regular
1491,bom,ruim
1492,bom,ruim
1493,bom,regular
1494,bom,regular
1495,bom,bom
1496,bom,otimo
1497,bom,ruim
1498,bom,regular
1499,bom,regular
1500,pessimo,regular
1501,regular,regular
1502,bom,ruim
1503,bom,otimo
1504,ruim,ruim
1505,otimo,regular
1506,bom,bom
1507,bom,ruim
1508,regular,regular
1509,bom,ruim
1510,otimo,regular
1511,regular,ruim
1512,bom,ruim
1513,bom,regular
1514,bom,regular
1515,bom,ruim
1516,bom,ruim
1517,bom,ruim
1518,ruim,ruim
1519,bom,regular
1520,bom,ruim
1521,bom,ruim
1522,otimo,regular
1523,bom,regular
1524,bom,ruim
1525,bom,bom
1526,regular,bom
1527,bom,regular
1528,regular,regular
1529,ruim,ruim
1530,regular,regular
1531,bom,ruim
1532,bom,bom
1533,regular,regular
1534,ruim,ruim
1535,otimo,regular
1536,ruim,ruim
1537,regular,bom
1538,regular,regular
1539,bom,regular
1540,bom,regular
1541,bom,ruim
1542,bom,otimo
1543,bom,ruim
1544,bom,bom
1545,bom,ruim
1546,regular,ruim
1547,bom,bom
1548,regular,bom
1549,bom,bom
1550,regular,regular
1551,bom,ruim
1552,otimo,bom
1553,regular,regular
1554,pessimo,regular
1555,bom,ruim
1556,regular,regular
1557,otimo,regular
1558,bom,regular
1559,ruim,ruim
1560,regular,pessimo
1561,bom,ruim
1562,bom,ruim
1563,bom,ruim
1564,bom,regular
1565,bom,regular
1566,regular,bom
1567,bom,bom
1568,regular,ruim
1569,regular,regular
1570,bom,bom
1571,bom,ruim
1572,regular,bom
1573,bom,otimo
1574,bom,ruim
1575,regular,ruim
1576,bom,ruim
1577,regular,regular
1578,regular,regular
1579,bom,ruim
1580,bom,regular
1581,bom,regular
1582,bom,ruim
1583,regular,pessimo
1584,bom,regular
1585,otimo,bom
1586,regular,regular
1587,bom,otimo
1588,bom,otimo
1589,bom,regular
1590,otimo,bom
1591,regular,regular
1592,bom,ruim
1593,bom,regular
1594,bom,ruim
1595,regular,regular
1596,bom,regular
1597,pessimo,regular
1598,regular,bom
1599,bom,ruim
1600,regular,regular
1601,bom,bom
1602,bom,regular
1603,bom,regular
1604,bom,regular
1605,bom,bom
1606,regular,regular
1607,bom,regular
1608,bom,regular
1609,regular,pessimo
1610,bom,regular
1611,bom,ruim
1612,regular,ruim
1613,otimo,bom
1614,bom,bom
1615,bom,regular
1616,bom,otimo
1617,bom,ruim
1618,bom,regular
1619,otimo,otimo
1620,bom,regular
1621,regular,regular
1622,bom,bom
1623,bom,regular
1624,bom,regular
1625,otimo,bom
1626,otimo,bom
1627,bom,bom
1628,regular,regular
1629,bom,ruim
1630,bom,otimo
1631,bom,regular
1632,bom,ruim
1633,bom,ruim
1634,bom,regular
1635,regular,ruim
1636,bom,ruim
1637,regular,regular
1638,bom,ruim
1639,regular,regular
1640,bom,ruim
1641,ruim,ruim
1642,bom,otimo
1643,bom,regular
1644,regular,bom
1645,regular,regular
1646,bom,regular
1647,bom,bom
1648,regular,regular
1649,otimo,bom
1650,bom,regular
1651,otimo,otimo
1652,bom,ruim
1653,bom,regular
1654,ruim,ruim
1655,bom,bom
1656,bom,regular
1657,regular,regular
1658,bom,regular
1659,regular,regular
1660,regular,regular
1661,bom,otimo
1662,regular,regular
1663,bom,regular
1664,otimo,bom
1665,otimo,regular
1666,bom,bom
1667,bom,regular
1668,regular,bom
1669,otimo,regular
1670,otimo,regular
1671,regular,bom
1672,regular,pessimo
1673,bom,regular
1674,bom,ruim
1675,bom,ruim
1676,regular,regular
1677,bom,ruim
1678,regular,ruim
1679,bom,otimo
1680,bom,regular
1681,bom,bom
1682,otimo,regular
1683,bom,otimo
1684,bom,bom
1685,ruim,ruim
1686,bom,regular
1687,bom,regular
1688,regular,regular
1689,regular,regular
1690,bom,ruim
1691,bom,ruim
1692,bom,ruim
1693,regular,regular
1694,bom,bom
1695,bom,bom
1696,regular,bom
1697,bom,ruim
1698,bom,regular
1699,bom,ruim
1700,bom,bom
1701,regular,regular
1702,bom,regular
1703,bom,regular
1704,regular,ruim
1705,otimo,bom
1706,bom,regular
1707,bom,regular
1708,bom,ruim
1709,otimo,bom
1710,otimo,otimo
1711,bom,ruim
1712,pessimo,regular
1713,bom,regular
1714,bom,regular
1715,regular,bom
1716,regular,regular
1717,bom,regular
1718,bom,regular
1719,bom,ruim
1720,bom,ruim
1721,otimo,regular
1722,bom,ruim
1723,bom,regular
1724,bom,otimo
1725,bom,regular
1726,bom,regular
1727,bom,ruim
1728,bom,regular
1729,bom,regular
1730,regular,ruim
1731,bom,regular
1732,regular,regular
1733,bom,ruim
1734,bom,regular
1735,bom,regular
1736,bom,otimo
1737,bom,regular
1738,bom,ruim
1739,otimo,otimo
1740,pessimo,regular
1741,bom,regular
1742,bom,regular
1743,otimo,bom
1744,bom,regular
1745,bom,otimo
1746,bom,regular
1747,regular,ruim
1748,bom,ruim
1749,ruim,ruim
1750,bom,bom
1751,otimo,otimo
1752,bom,regular
1753,regular,bom
1754,regular,ruim
1755,regular,regular
1756,bom,regular
1757,regular,regular
1758,bom,regular
1759,ruim,ruim
1760,bom,bom
1761,bom,regular
1762,bom,ruim
1763,bom,bom
1764,otimo,regular
1765,bom,regular
1766,ruim,ruim
1767,regular,ruim
1768,bom,regular
1769,pessimo,regular
1770,bom,bom
1771,bom,regular
1772,pessimo,regular
1773,regular,regular
1774,bom,regular
1775,regular,ruim
1776,regular,ruim
1777,bom,bom
1778,otimo,bom
1779,bom,otimo
1780,ruim,ruim
1781,bom,ruim
1782,regular,bom
1783,bom,bom
1784,bom,regular
1785,otimo,bom
1786,bom,regular
1787,bom,regular
1788,bom,otimo
1789,regular,ruim
1790,bom,bom
1791,bom,ruim
1792,otimo,regular
1793,ruim,ruim
1794,bom,bom
1795,regular,regular
1796,regular,pessimo
1797,ruim,ruim
1798,regular,ruim
1799,regular,ruim
1800,regular,ruim
1801,regular,regular
1802,bom,bom
1803,bom,otimo
1804,bom,ruim
1805,bom,ruim
1806,regular,regular
1807,bom,regular
1808,regular,ruim
1809,regular,bom
1810,bom,ruim
1811,ruim,ruim
1812,regular,ruim
1813,bom,regular
1814,bom,bom
1815,bom,regular
1816,bom,ruim
1817,bom,ruim
1818,bom,regular
1819,regular,ruim
1820,regular,bom
1821,regular,regular
1822,bom,bom
1823,otimo,otimo
1824,bom,ruim
1825,otimo,otimo
1826,regular,regular
1827,bom,ruim
1828,otimo,otimo
1829,bom,ruim
1830,bom,ruim
1831,bom,regular
1832,regular,regular
1833,bom,ruim
1834,bom,ruim
1835,bom,regular
1836,bom,bom
1837,bom,regular
1838,regular,bom
1839,regular,ruim
1840,regular,ruim
1841,bom,bom
1842,bom,otimo
1843,bom,regular
1844,bom,regular
1845,otimo,regular
1846,bom,regular
1847,bom,otimo
1848,bom,bom
1849,bom,regular
1850,regular,bom
1851,bom,regular
1852,bom,ruim
1853,bom,otimo
1854,bom,bom
1855,bom,ruim
1856,bom,otimo
1857,regular,pessimo
1858,bom,ruim
1859,ruim,ruim
1860,bom,ruim
1861,regular,regular
1862,bom,regular
1863,regular,regular
1864,regular,regular
1865,bom,ruim
1866,regular,bom
1867,bom,ruim
1868,otimo,bom
1869,regular,ruim
1870,otimo,bom
1871,bom,otimo
1872,bom,regular
1873,bom,regular
1874,regular,bom
1875,bom,regular
1876,bom,otimo
1877,regular,ruim
1878,regular,regular
1879,regular,ruim
1880,bom,ruim
1881,bom,regular
1882,ruim,ruim
1883,regular,ruim
1884,bom,regular
1885,bom,regular
1886,otimo,bom
1887,regular,ruim
1888,bom,ruim
1889,bom,ruim
1890,bom,bom
1891,bom,ruim
1892,bom,ruim
1893,regular,bom
1894,bom,regular
1895,bom,regular
1896,bom,ruim
1897,bom,ruim
1898,bom,regular
1899,regular,ruim
1900,bom,regular
1901,bom,bom
1902,bom,ruim
1903,bom,otimo
1904,bom,ruim
1905,bom,otimo
1906,regular,regular
1907,ruim,ruim
1908,regular,regular
1909,bom,ruim
1910,otimo,bom
1911,bom,regular
1912,bom,regular
1913,otimo,regular
1914,regular,ruim
1915,bom,ruim
1916,regular,regular
1917,regular,regular
1918,regular,regular
1919,regular,ruim
1920,bom,ruim
1921,regular,bom
1922,bom,bom
1923,bom,ruim
1924,bom,otimo
1925,bom,ruim
1926,otimo,otimo
1927,regular,regular
1928,bom,otimo
1929,regular,pessimo
1930,bom,regular
1931,regular,bom
1932,regular,bom
1933,bom,ruim
1934,regular,regular
1935,bom,bom
1936,regular,regular
1937,bom,regular
1938,bom,regular
1939,bom,regular
1940,bom,ruim
1941,bom,regular
1942,pessimo,regular
1943,bom,ruim
1944,regular,regular
1945,otimo,bom
1946,regular,regular
1947,regular,bom
1948,bom,bom
1949,bom,bom
1950,bom,regular
1951,regular,ruim
1952,bom,bom
1953,bom,ruim
1954,otimo,bom
1955,ruim,ruim
1956,bom,ruim
1957,bom,ruim
1958,bom,ruim
1959,bom,ruim
1960,regular,bom
1961,bom,otimo
1962,bom,regular
1963,bom,ruim
1964,bom,regular
1965,regular,regular
1966,bom,bom
1967,regular,regular
1968,bom,bom
1969,bom,regular
1970,bom,bom
1971,bom,ruim
1972,otimo,regular
1973,bom,bom
1974,bom,bom
1975,bom,bom
1976,bom,bom
1977,bom,ruim
1978,regular,regular
1979,bom,ruim
1980,regular,regular
1981,otimo,bom
1982,bom,bom
1983,bom,bom
1984,bom,regular
1985,regular,ruim
1986,bom,otimo
1987,regular,regular
1988,regular,regular
1989,bom,ruim
1990,regular,regular
1991,bom,bom
1992,bom,regular
1993,regular,regular
1994,bom,regular
1995,bom,bom
1996,bom,regular
1997,bom,bom
1998,regular,bom
1999,bom,regular
2000,bom,regular
2001,bom,bom
2002,otimo,bom
2003,regular,regular
2004,regular,regular
2005,pessimo,regular
2006,regular,regular
2007,bom,ruim
2008,bom,ruim
2009,regular,regular
2010,bom,regular
2011,bom,otimo
2012,otimo,bom
2013,bom,ruim
2014,bom,bom
2015,regular,ruim
2016,otimo,regular
2017,otimo,bom
2018,bom,bom
2019,bom,regular
2020,regular,regular
2021,regular,regular
2022,bom,otimo
2023,bom,bom
2024,bom,regular
2025,bom,ruim
2026,bom,ruim
2027,regular,ruim
2028,regular,regular
2029,regular,regular
2030,bom,bom
2031,bom,regular
2032,bom,ruim
2033,bom,ruim
2034,regular,regular
2035,bom,ruim
2036,bom,regular
2037,ruim,ruim
2038,bom,regular
2039,otimo,bom
2040,regular,regular
2041,bom,regular
2042,bom,bom
2043,ruim,ruim
2044,bom,bom
2045,otimo,bom
2046,bom,regular
2047,regular,ruim
2048,bom,regular
2049,otimo,regular
2050,regular,regular
2051,bom,ruim
2052,regular,regular
2053,regular,pessimo
2054,bom,ruim
2055,bom,regular
2056,bom,regular
2057,bom,regular
2058,otimo,otimo
2059,bom,regular
2060,regular,pessimo
2061,bom,otimo
2062,bom,ruim
2063,bom,regular
2064,bom,ruim
2065,bom,regular
2066,regular,regular
2067,otimo,regular
2068,regular,bom
2069,bom,ruim
2070,bom,ruim
2071,regular,ruim
2072,bom,regular
2073,bom,ruim
2074,regular,regular
2075,bom,regular
2076,regular,regular
2077,regular,bom
2078,bom,bom
2079,otimo,otimo
2080,bom,regular
2081,bom,regular
2082,bom,ruim
2083,bom,ruim
2084,bom,regular
2085,bom,ruim
2086,bom,otimo
2087,bom,bom
2088,regular,regular
2089,regular,ruim
2090,bom,bom
2091,regular,ruim
2092,bom,ruim
2093,bom,regular
2094,bom,regular
2095,bom,regular
2096,bom,otimo
2097,regular,regular
2098,bom,otimo
2099,bom,regular
2100,otimo,regular
2101,bom,regular
2102,bom,ruim
2103,bom,ruim
2104,bom,regular
2105,bom,regular
2106,bom,regular
2107,pessimo,regular
2108,bom,ruim
2109,regular,ruim
2110,bom,ruim
2111,regular,regular
2112,bom,bom
2113,otimo,regular
2114,otimo,otimo
2115,bom,bom
2116,bom,regular
2117,bom,bom
2118,regular,regular
2119,otimo,bom
2120,regular,bom
2121,bom,regular
2122,bom,regular
2123,regular,regular
2124,regular,ruim
2125,bom,regular
2126,bom,regular
2127,bom,regular
2128,bom,bom
2129,regular,regular
2130,bom,ruim
2131,regular,ruim
2132,bom,regular
2133,otimo,bom
2134,ruim,ruim
2135,bom,regular
2136,bom,regular
2137,bom,regular
2138,bom,otimo
2139,bom,ruim
2140,ruim,ruim
2141,regular,regular
2142,bom,regular
2143,bom,bom
2144,regular,ruim
2145,ruim,ruim
2146,regular,pessimo
2147,regular,regular
2148,bom,bom
2149,otimo,bom
2150,otimo,otimo
2151,bom,regular
2152,regular,regular
2153,regular,bom
2154,bom,otimo
2155,bom,regular
2156,regular,regular
2157,regular,regular
2158,ruim,ruim
2159,regular,regular
2160,bom,otimo
2161,bom,ruim
2162,bom,regular
2163,bom,regular
2164,regular,regular
2165,regular,ruim
2166,regular,bom
2167,bom,ruim
2168,regular,ruim
2169,regular,regular
2170,regular,regular
2171,bom,regular
2172,bom,otimo
2173,regular,ruim
2174,regular,regular
2175,bom,regular
2176,regular,pessimo
2177,regular,regular
2178,regular,regular
2179,regular,regular
2180,ruim,ruim
2181,regular,ruim
2182,otimo,regular
2183,ruim,ruim
2184,ruim,ruim
2185,bom,bom
2186,otimo,otimo
2187,regular,regular
2188,bom,ruim
2189,regular,regular
2190,bom,regular
2191,otimo,bom
2192,bom,ruim
2193,bom,regular
2194,bom,ruim
2195,bom,ruim
2196,bom,regular
2197,otimo,otimo
2198,pessimo,regular
2199,bom,ruim
2200,ruim,ruim
2201,regular,bom
2202,bom,bom
2203,otimo,regular
2204,bom,ruim
2205,bom,regular
2206,bom,ruim
2207,otimo,bom
2208,bom,bom
2209,bom,regular
2210,bom,bom
2211,regular,ruim
2212,bom,regular
2213,regular,bom
2214,bom,regular
2215,bom,otimo
2216,otimo,regular
2217,regular,bom
2218,bom,regular
2219,bom,regular
2220,regular,regular
2221,otimo,regular
2222,bom,bom
2223,bom,bom
2224,otimo,bom
2225,bom,otimo
2226,regular,bom
2227,bom,ruim
2228,bom,regular
2229,otimo,bom
2230,otimo,regular
2231,otimo,bom
2232,regular,regular
2233,otimo,bom
2234,bom,regular
2235,bom,ruim
2236,bom,ruim
2237,ruim,ruim
2238,bom,regular
2239,regular,ruim
2240,bom,regular
2241,regular,bom
2242,bom,regular
2243,bom,ruim
2244,regular,regular
2245,bom,regular
2246,bom,ruim
2247,bom,bom
2248,bom,regular
2249,bom,otimo
2250,bom,ruim
2251,otimo,regular
2252,regular,ruim
2253,bom,ruim
2254,bom,regular
2255,regular,regular
2256,regular,regular
2257,otimo,regular
2258,regular,regular
2259,bom,regular
2260,bom,ruim
2261,bom,ruim
2262,bom,regular
2263,bom,bom
2264,regular,bom
2265,otimo,bom
2266,bom,otimo
2267,bom,regular
2268,bom,regular
2269,bom,bom
2270,regular,regular
2271,bom,bom
2272,ruim,ruim
2273,bom,otimo
2274,bom,bom
2275,bom,ruim
2276,bom,regular
2277,bom,bom
2278,regular,ruim
2279,bom,regular
2280,bom,regular
2281,bom,ruim
2282,bom,ruim
2283,bom,bom
2284,bom,bom
2285,bom,regular
2286,regular,ruim
2287,bom,regular
2288,regular,ruim
2289,regular,bom
2290,bom,ruim
2291,bom,ruim
2292,bom,regular
2293,bom,bom
2294,bom,regular
2295,bom,ruim
2296,regular,pessimo
2297,bom,ruim
2298,otimo,bom
2299,bom,regular
2300,bom,otimo
2301,otimo,regular
2302,bom,regular
2303,regular,ruim
2304,regular,ruim
2305,bom,regular
2306,bom,bom
2307,ruim,ruim
2308,regular,ruim
2309,otimo,bom
2310,bom,otimo
2311,bom,regular
2312,otimo,regular
2313,bom,otimo
2314,bom,regular
2315,regular,regular
2316,otimo,bom
2317,otimo,regular
2318,bom,ruim
2319,otimo,regular
2320,bom,ruim
2321,regular,ruim
2322,bom,otimo
2323,regular,regular
2324,bom,regular
2325,regular,regular
2326,bom,regular
2327,bom,ruim
2328,bom,regular
2329,bom,bom
2330,otimo,otimo
2331,bom,bom
2332,otimo,bom
2333,bom,regular
2334,regular,ruim
2335,regular,regular
2336,otimo,bom
2337,otimo,bom
2338,regular,regular
2339,bom,bom
2340,bom,otimo
2341,bom,regular
2342,bom,regular
2343,regular,regular
2344,bom,otimo
2345,bom,regular
2346,bom,regular
2347,bom,regular
2348,ruim,ruim
2349,bom,ruim
2350,bom,bom
2351,bom,bom
2352,bom,bom
2353,bom,regular
2354,bom,ruim
2355,regular,regular
2356,regular,regular
2357,otimo,bom
2358,regular,regular
2359,bom,bom
2360,regular,bom
2361,regular,ruim
2362,bom,regular
2363,bom,ruim
2364,bom,regular
2365,bom,ruim
2366,otimo,bom
2367,otimo,bom
2368,bom,regular
2369,bom,ruim
2370,bom,regular
2371,regular,ruim
2372,bom,ruim
2373,regular,ruim
2374,bom,regular
2375,otimo,bom
2376,otimo,bom
2377,bom,regular
2378,bom,ruim
2379,pessimo,regular
2380,ruim,ruim
2381,bom,regular
2382,bom,bom
2383,regular,ruim
2384,bom,ruim
2385,bom,bom
2386,ruim,ruim
2387,bom,regular
2388,ruim,ruim
2389,bom,regular
2390,regular,regular
2391,bom,otimo
2392,regular,regular
2393,otimo,regular
2394,bom,regular
2395,bom,bom
2396,bom,otimo
2397,bom,regular
2398,regular,regular
2399,bom,regular
2400,otimo,regular
2401,otimo,regular
2402,regular,bom
2403,regular,regular
2404,regular,ruim
2405,regular,regular
2406,bom,ruim
2407,bom,ruim
2408,regular,regular
2409,regular,regular
2410,bom,ruim
2411,otimo,bom
2412,bom,ruim
2413,bom,regular
2414,bom,ruim
2415,bom,ruim
2416,bom,ruim
2417,bom,ruim
2418,bom,bom
2419,regular,regular
2420,otimo,bom
2421,bom,ruim
2422,regular,ruim
2423,ruim,ruim
2424,bom,regular
2425,bom,ruim
2426,otimo,bom
2427,regular,bom
2428,bom,regular
2429,bom,regular
2430,bom,regular
2431,otimo,bom
2432,regular,bom
2433,otimo,regular
2434,bom,bom
2435,bom,regular
2436,bom,otimo
2437,regular,regular
2438,regular,pessimo
2439,otimo,bom
2440,bom,regular
2441,otimo,bom
2442,otimo,regular
2443,bom,bom
2444,otimo,bom
2445,bom,otimo
2446,otimo,bom
2447,bom,regular
2448,regular,ruim
2449,pessimo,regular
2450,bom,ruim
2451,bom,bom
2452,bom,bom
2453,bom,ruim
2454,bom,regular
2455,bom,ruim
2456,bom,bom
2457,bom,bom
2458,bom,regular
2459,bom,regular
2460,bom,bom
2461,bom,regular
2462,bom,regular
2463,regular,ruim
2464,regular,regular
2465,bom,bom
2466,bom,ruim
2467,bom,bom
2468,otimo,bom
2469,bom,bom
2470,bom,ruim
2471,otimo,otimo
2472,bom,regular
2473,otimo,regular
2474,regular,pessimo
2475,bom,ruim
2476,bom,regular
2477,otimo,regular
2478,otimo,otimo
2479,bom,regular
2480,bom,ruim
2481,bom,ruim
2482,otimo,bom
2483,bom,regular
2484,bom,bom
2485,bom,regular
2486,bom,regular
2487,bom,regular
2488,bom,regular
2489,pessimo,regular
2490,bom,regular
2491,bom,regular
2492,regular,regular
2493,bom,bom
2494,bom,ruim
2495,bom,regular
2496,bom,bom
2497,otimo,regular
2498,bom,ruim
2499,otimo,regular
2500,ruim,ruim
2501,otimo,regular
2502,bom,regular
2503,bom,regular
2504,regular,regular
2505,bom,ruim
2506,bom,regular
2507,bom,ruim
2508,bom,regular
2509,bom,bom
2510,bom,ruim
2511,bom,regular
2512,bom,ruim
2513,bom,regular
2514,bom,ruim
2515,bom,regular
2516,otimo,otimo
2517,bom,ruim
2518,bom,regular
2519,otimo,regular
2520,bom,ruim
2521,otimo,bom
2522,bom,otimo
2523,bom,regular
2524,regular,ruim
2525,pessimo,regular
2526,bom,bom
2527,bom,ruim
2528,bom,ruim
2529,regular,pessimo
2530,regular,bom
2531,bom,bom
2532,bom,regular
2533,pessimo,regular
2534,otimo,bom
2535,bom,bom
2536,bom,bom
2537,bom,bom
2538,bom,otimo
2539,regular,bom
2540,bom,ruim
2541,bom,ruim
2542,regular,regular
2543,regular,regular
2544,bom,regular
2545,bom,ruim
2546,bom,otimo
2547,bom,regular
2548,bom,bom
2549,otimo,bom
2550,bom,ruim
2551,regular,ruim
2552,regular,regular
2553,regular,regular
2554,ruim,ruim
2555,regular,regular
2556,ruim,ruim
2557,regular,pessimo
2558,bom,regular
2559,regular,ruim
2560,bom,otimo
2561,bom,regular
2562,bom,regular
2563,bom,regular
2564,bom,regular
2565,regular,ruim
2566,regular,ruim
2567,regular,bom
2568,bom,regular
2569,bom,ruim
2570,bom,regular
2571,bom,ruim
2572,regular,ruim
2573,bom,ruim
2574,bom,ruim
2575,regular,ruim
2576,bom,regular
2577,bom,ruim
2578,otimo,regular
2579,regular,regular
2580,bom,regular
2581,ruim,ruim
2582,otimo,bom
2583,bom,ruim
2584,bom,ruim
2585,regular,regular
2586,bom,regular
2587,bom,ruim
2588,regular,regular
2589,bom,regular
2590,otimo,bom
2591,regular,regular
2592,bom,otimo
2593,bom,regular
2594,otimo,otimo
2595,bom,ruim
2596,ruim,ruim
2597,regular,regular
2598,bom,bom
2599,bom,otimo
2600,bom,regular
2601,bom,regular
2602,bom,regular
2603,bom,otimo
2604,otimo,regular
2605,otimo,regular
2606,otimo,bom
2607,regular,regular
2608,bom,otimo
2609,otimo,regular
2610,bom,regular
2611,bom,regular
2612,bom,ruim
2613,otimo,bom
2614,regular,ruim
2615,otimo,regular
2616,bom,bom
2617,regular,ruim
2618,bom,regular
2619,otimo,otimo
2620,bom,ruim
2621,regular,pessimo
2622,bom,bom
2623,bom,regular
2624,bom,ruim
2625,bom,regular
2626,bom,regular
2627,bom,ruim
2628,bom,otimo
2629,bom,regular
2630,bom,otimo
2631,regular,regular
2632,regular,regular
2633,regular,regular
2634,regular,regular
2635,bom,ruim
2636,otimo,bom
2637,bom,ruim
2638,bom,ruim
2639,bom,bom
2640,ruim,ruim
2641,otimo,bom
2642,regular,regular
2643,pessimo,regular
2644,bom,regular
2645,bom,otimo
2646,bom,otimo
2647,bom,regular
2648,bom,regular
2649,bom,regular
2650,bom,ruim
2651,bom,ruim
2652,regular,ruim
2653,bom,ruim
2654,bom,regular
2655,bom,ruim
2656,regular,regular
2657,regular,regular
2658,regular,regular
2659,otimo,otimo
2660,regular,ruim
2661,bom,regular
2662,bom,bom
2663,regular,regular
2664,bom,regular
2665,otimo,regular
2666,bom,ruim
2667,bom,regular
2668,bom,regular
2669,bom,bom
2670,bom,bom
2671,bom,bom
2672,pessimo,regular
2673,otimo,bom
2674,regular,regular
2675,bom,bom
2676,bom,regular
2677,ruim,ruim
2678,bom,ruim
2679,regular,ruim
2680,bom,ruim
2681,regular,regular
2682,regular,regular
2683,regular,ruim
2684,regular,bom
2685,bom,ruim
2686,regular,pessimo
2687,regular,regular
2688,regular,regular
2689,bom,regular
2690,bom,bom
2691,regular,ruim
2692,bom,bom
2693,bom,bom
2694,bom,ruim
2695,bom,regular
2696,bom,regular
2697,bom,ruim
2698,bom,regular
2699,pessimo,regular
2700,regular,ruim
2701,bom,ruim
2702,regular,bom
2703,otimo,otimo
2704,bom,regular
2705,regular,regular
2706,bom,otimo
2707,bom,regular
2708,ruim,ruim
2709,otimo,regular
2710,bom,ruim
2711,bom,bom
2712,bom,regular
2713,bom,ruim
2714,bom,regular
2715,regular,regular
2716,bom,ruim
2717,bom,bom
2718,bom,otimo
2719,regular,ruim
2720,regular,ruim
2721,bom,ruim
2722,bom,ruim
2723,regular,ruim
2724,bom,regular
2725,regular,regular
2726,regular,ruim
2727,bom,regular
2728,bom,bom
2729,bom,ruim
2730,otimo,regular
2731,ruim,ruim
2732,regular,ruim
2733,ruim,ruim
2734,ruim,ruim
2735,bom,bom
2736,bom,regular
2737,bom,otimo
2738,ruim,ruim
2739,bom,ruim
2740,bom,ruim
2741,regular,ruim
2742,bom,ruim
2743,bom,regular
2744,regular,bom
2745,otimo,bom
2746,bom,ruim
2747,otimo,otimo
2748,regular,regular
2749,bom,regular
2750,bom,otimo
2751,bom,regular
2752,otimo,bom
2753,bom,regular
2754,bom,ruim
2755,regular,ruim
2756,bom,ruim
2757,bom,otimo
2758,bom,bom
2759,bom,ruim
2760,bom,regular
2761,regular,pessimo
2762,bom,bom
2763,bom,bom
2764,otimo,bom
2765,bom,ruim
2766,bom,regular
2767,bom,regular
2768,regular,bom
2769,pessimo,regular
2770,regular,regular
2771,regular,regular
2772,regular,regular
2773,bom,regular
2774,bom,otimo
2775,bom,ruim
2776,bom,regular
2777,bom,ruim
2778,otimo,bom
2779,regular,ruim
2780,otimo,bom
2781,bom,bom
2782,regular,ruim
2783,bom,ruim
2784,otimo,bom
2785,bom,bom
2786,bom,regular
2787,bom,otimo
2788,bom,ruim
2789,bom,otimo
2790,bom,regular
2791,bom,ruim
2792,bom,regular
2793,bom,regular
2794,bom,regular
2795,bom,regular
2796,bom,bom
2797,regular,ruim
2798,bom,bom
2799,regular,bom
2800,pessimo,regular
2801,bom,ruim
2802,regular,regular
2803,bom,ruim
2804,bom,bom
2805,otimo,bom
2806,bom,ruim
2807,bom,bom
2808,bom,ruim
2809,bom,ruim
2810,otimo,bom
2811,bom,regular
2812,bom,ruim
2813,regular,regular
2814,bom,regular
2815,otimo,regular
2816,bom,regular
2817,bom,otimo
2818,bom,ruim
2819,bom,regular
2820,otimo,regular
2821,regular,regular
2822,ruim,ruim
2823,bom,ruim
2824,bom,ruim
2825,bom,ruim
2826,regular,regular
2827,otimo,bom
2828,regular,regular
2829,regular,ruim
2830,bom,regular
2831,otimo,otimo
2832,regular,regular
2833,bom,regular
2834,regular,ruim
2835,bom,ruim
2836,bom,regular
2837,bom,ruim
2838,regular,regular
2839,bom,bom
2840,otimo,bom
2841,bom,bom
2842,bom,ruim
2843,otimo,regular
2844,bom,ruim
2845,bom,ruim
2846,regular,ruim
2847,bom,ruim
2848,bom,bom
2849,regular,regular
2850,regular,regular
2851,bom,regular
2852,regular,ruim
2853,bom,ruim
2854,bom,bom
2855,bom,regular
2856,bom,regular
2857,bom,bom
2858,bom,regular
2859,bom,bom
2860,bom,ruim
2861,regular,regular
2862,bom,regular
2863,regular,ruim
2864,bom,bom
2865,regular,pessimo
2866,bom,ruim
2867,bom,ruim
2868,otimo,otimo
2869,regular,ruim
2870,regular,regular
2871,bom,ruim
2872,bom,regular
2873,regular,regular
2874,bom,bom
2875,otimo,bom
2876,bom,ruim
2877,regular,ruim
2878,pessimo,regular
2879,bom,ruim
2880,bom,bom
2881,bom,bom
2882,bom,regular
2883,bom,ruim
2884,otimo,otimo
2885,regular,pessimo
2886,bom,regular
2887,regular,pessimo
2888,otimo,bom
2889,ruim,ruim
2890,regular,regular
2891,regular,regular
2892,bom,regular
2893,bom,regular
2894,ruim,ruim
2895,otimo,regular
2896,bom,bom
2897,otimo,regular
2898,otimo,otimo
2899,bom,ruim
2900,bom,regular
2901,regular,ruim
2902,pessimo,regular
2903,regular,ruim
2904,regular,ruim
2905,pessimo,regular
2906,bom,ruim
2907,bom,ruim
2908,regular,regular
2909,bom,ruim
2910,regular,bom
2911,bom,bom
2912,regular,regular
2913,regular,regular
2914,bom,ruim
2915,bom,otimo
2916,bom,regular
2917,bom,regular
2918,bom,regular
2919,bom,ruim
2920,bom,regular
2921,ruim,ruim
2922,bom,regular
2923,bom,regular
2924,bom,regular
2925,bom,bom
2926,bom,ruim
2927,regular,regular
2928,bom,ruim
2929,regular,regular
2930,regular,ruim
2931,bom,ruim
2932,otimo,bom
2933,regular,pessimo
2934,regular,ruim
2935,bom,ruim
2936,bom,otimo
2937,otimo,bom
2938,regular,ruim
2939,regular,regular
2940,bom,bom
2941,regular,bom
2942,bom,ruim
2943,bom,bom
2944,bom,ruim
2945,bom,ruim
2946,bom,regular
2947,bom,bom
2948,regular,regular
2949,regular,ruim
2950,ruim,ruim
2951,bom,ruim
2952,otimo,regular
2953,bom,ruim
2954,bom,regular
2955,otimo,bom
2956,bom,bom
2957,bom,regular
2958,regular,ruim
2959,regular,regular
2960,bom,regular
2961,bom,regular
2962,bom,regular
2963,regular,regular
2964,bom,ruim
2965,otimo,regular
2966,bom,regular
2967,bom,bom
2968,regular,regular
2969,bom,ruim
2970,bom,bom
2971,bom,regular
2972,bom,regular
2973,bom,regular
2974,regular,regular
2975,regular,regular
2976,bom,regular
2977,regular,regular
2978,ruim,ruim
2979,bom,bom
2980,bom,regular
2981,regular,regular
2982,bom,regular
2983,bom,regular
2984,bom,regular
2985,regular,bom
2986,bom,regular
2987,otimo,bom
2988,bom,regular
2989,regular,pessimo
2990,regular,ruim
2991,pessimo,regular
2992,bom,ruim
2993,bom,ruim
2994,bom,ruim
2995,ruim,ruim
2996,bom,ruim
2997,bom,otimo
2998,bom,ruim
2999,bom,regular
3000,bom,ruim
